카드사,상품명,전월실적,연회비(국내),연회비(국내외),모든가맹점,교통,주유,마트/편의점,쇼핑,푸드,배달,카페/디저트,뷰티/피트니스,생활요금,의료,애완동물,자동차/하이패스,레져/스포츠,영화/문화,간편결제,항공,프리미엄,여행/숙박,해외,디지털구독,멤버십,교육/육아,금융,기타
신한,신한카드 Mr.Life,30,,1.5,,1,1 ,1,1,1,,,,1,1,,,,,,,,,,,,,,
신한,신한카드 Deep Dream,0,,0.8,1,1,1,1,,,,1,,,,,,,,1,,,,,,,,,
신한,신한카드 Deep Oil,30,,1,,1,1,1,,,,1,,,,,1,,1,,,,,,,,,,
신한,신한카드 Deep Dream Platinum+,0,,3,,1,1,1,1,,,1,1,,,,,1,1,,,1,,,,,,,
신한,신한카드 Hi-Point,0,,8,1,,1,,1,,,,,1,,,,1,,,,,,,,,,1,
신한,알뜰교통카드,30,,1.2,,1,,1,,,,1,,,1,,1,,,,,,,,,,,,
신한,아시아나 신한카드 Air 1.5,50,4.3,4.5,,,,,,,,,,,,,,,,,1,1,,,,,,,
신한,신한카드 구독 좋아요,40,1.5,1.8,,,,1,,,1,,,1,,,,,,,,,,,1,,,,
신한,신한카드 The BEST-F,0,,20.2,,,,,1,,,1,,,,,,,,,1,1,1,,,,,,
신한,신한카드 RPM+ Platinum#,50,,3.2,1,1,1,1,1,,,,,,,,1,,,,,1,,,,,,,
신한,신한카드 Deep Dream(모베러웍스),0,,1,1,1,1,1,,,,1,,,,,,,1,,,,,,,,,,
신한,신한카드 The CLASSIC+,30,,12,,,1,,1,,,1,,,,,,,,,1,1,,,,,,,
신한,신한카드 B.Big(삑),30,,1,,1,,1,1,,,1,,1,,,,,1,,,,,,,,,,1
신한,신한카드 플리(산리오캐릭터즈),0,1.5,1.8,1,,,,,,,,,,,,,,,,,,,,,,,,
신한,신한카드 국민행복,30,,,,,,,1,,1,,,,1,,,,,,,,,,1,,1,1,
신한,신한카드 Deep On Platinum+,30,,3,,,,1,,,,1,1,,,,,,,1,,1,,,,,,,
신한,신한카드 Shopping,50,,2,,,1,,1,1,,1,1,,,,,,1,,,,,,,,,,1
신한,신한카드 Globus,0,2.2,2.5,,,,,,,,,,,,,,,,,,1,,1,,,,,
신한,메리어트 본보이™ 더 베스트 신한카드,0,26.4,26.7,,,,,,,,,,,,,,,,,1,,1,,,1,,,
신한,신한카드 후불하이패스+ (하이패스 전용),0,0.2,,,,,,,,,,,,,,1,,,,,,,,,,,,
신한,네이버페이 라인프렌즈 신한카드,0,0.7,1,,,,,,,,,,,,,,,,1,,,,,,,,,
신한,신한카드 The CLASSIC-Y,0,,10,1,1,1,,1,,,1,1,,,,,,1,,1,1,,,,,,,
신한,신한카드 Unboxing,40,3.2,3.5,,,,1,1,,,1,,,,,,,,,,,,,,,,,
신한,11번가 신한카드,0,0.5,0.8,,,,,1,,,,,,,,,,,,,,,,,,,,
신한,신한카드 Eats More(이츠모아),40,1.5,1.8,,,,,,,1,,,,,,,,,,,,,,,,,1,
신한,신한카드 Air Platinum#,0,,3.7,,,,,,,,,,,,,,,,,1,1,,,,,,,
신한,네이버페이 신한카드,0,2.7,3,,,,,,,,,,,,,,,,1,,,,,,,,,
신한,신한카드 Puzzle,0,1.5,1.8,1,1,,1,1,,1,1,1,,,1,,,,1,,,,,1,,,,
신한,티머니 Pay & GO 신한카드,30,1.5,1.8,,1,,1,1,,,1,,1,,,,,,,,,,,,,,,
신한,신한카드 래플(Raffle),50,1.7,2,,,,,,,,,,,,,,,,,,,,,,,,,
신한,신한카드 집,0,,1.2,,,,1,,,,,,1,1,,,,,,,,,,,,1,1,
신한,신한카드 YaY,50,2.3,2.6,,,,,1,,1,1,,,,,,,,,,,,,1,,,,
신한,신한카드 The CLASSIC-L,0,,10,,,1,,1,,,1,,,,,,1,1,,1,1,,,,,,,1
신한,신한카드 Air One,50,,4.9,,,,,1,,,,,,,,,,,,,1,,,,,,,
신한,신한카드 Simple Platinum#,0,,2.7,1,,,,,,,,,1,,,,1,1,,,1,,,,,,,
신한,신한카드 Cube Platinum#,30,,3.2,,1,1,1,1,1,,,,1,1,,,,,,,1,,,,,1,,
신한,신한카드 Deep Making,40,3,3,,1,1,1,1,1,,,1,,1,,,,,,1,,,,,,1,,
신한,신한카드 YOLO ⓘ,30,1.5,1.5,,1,,1,1,,,1,,,,,,,1,,,,,,,,,,
신한,#Pay 신한카드,30,2.7,3,,,,,,,,,,,,,,,,1,,,,,,,,,
신한,신한카드 Edu,50,,2,,,,1,,,,,,1,,,,,,,,,,,,,1,,
신한,신한카드 The PREMIER GOLD EDITION (스카이패스),0,,190,,,,,1,,,,,,,,,1,,,1,,1,,,,,,
신한,메리어트 본보이™ 더 클래식 신한카드,0,14.4,14.7,,,,,,,,,,,,,,,,,1,1,1,,,,,,
신한,신세계 신한카드,50,,1.2,,1,1,,1,,,1,,,,,,1,1,,,,,,,,,,1
신한,신한카드 Simple+,0,,1,1,,,,,,,,,1,,,,,1,,,,,,,,,,
신한,싱가포르항공 크리스플라이어 더 베스트 신한카드,0,24.7,25,,,,,,,,,,,,,,,,,1,1,,,,,,,
신한,T우주 신한카드,0,1.5,1.8,,,,1,1,,,1,,,,,,,,,,,,,1,,,,
신한,신한카드 주거래 신용,30,,1.5,1,1,,,1,,,,,1,,,,,,,,,,1,,,,,
신한,신한카드 KaPick,0,1.9,2.2,,,,,,,,1,,,,,,,,1,,,,,1,,,,
신한,신한카드 B.Big(마이펫 스노우볼 삑),30,,1.3,,1,,1,1,,,1,,1,,,,,1,,,,,,,,,,1
신한,신한카드 Deep Once Plus,40,2.7,3,,,,1,,,,1,,1,,,,,,,,,,1,1,,,,
신한,신한카드 Deep Once,40,2,2.3,,,,,,,,,,1,,,,,,,,,,,1,,,,
신한,신한카드 EVerywhere,40,1.9,2.2,,,1,1,,,,1,,1,,,1,,,,,,,,1,,,,
신한,CJ ONE 프리즘 신한카드,40,2,2.3,1,,,,,1,,,1,,,,,,,,,,,,,,,,
신한,요기요 신한카드,50,2.4,2.7,,,,,1,,1,1,,,,,,,,,,,,,1,,,,
신한,LG U+ Bora 신한카드 Big Plus,40,2.2,2.5,,,1,,,,,,,1,,,,1,1,,,,,,,,,,
신한,신한카드 Love Platinum#,0,,5,,,1,,1,1,,,,,,,,1,1,,,1,,,,1,,,
신한,신한카드 MY CAR,40,2.7,3,,,1,,,,,1,,,,,1,,,,,,,,,,,,
신한,신한카드 핏(Fit),40,1.5,1.8,,,,1,,,,1,,,,,,,,,,,,,,,,,
신한,New LG전자 베스트샵 PLUS 신한카드,50,1,1.2,,,,,1,,,,,,,,,1,,,,1,,,,,,,1
신한,마이 홈플러스 신한카드,0,1.2,1.5,,,,1,,,,,,1,,,,,1,,,,,,,,,,
신한,GS Prime 신한카드,0,1.5,1.8,1,,,,1,,,,,,,,,,,,,,,,,,,,
신한,LG트윈스 신한카드,0,,1,,,,,1,,,,,,,,,1,1,,,,,,,,,,
신한,SPOTV NOW 신한카드 구독 좋아요,40,1.5,1.8,,,,,,,1,,,1,,,,,,,,,,,1,,,,
신한,신한카드 플리,0,1.5,1.8,1,,,,,,,,,,,,,,,,,,,,,,,,
신한,신한카드 Deep Taking,40,2,2,,1,1,,1,1,,,,1,,,,,,,,,,1,,,1,,
신한,신한카드 Eats More(곰표),40,1.5,1.8,1,,,,,,1,,,,,,,,,,,,,,,,,1,
신한,신한카드 The PREMIER GOLD EDITION (아시아나클럽),0,,190,,,,,1,,,,,,,,,1,,,1,,1,,,,,,
신한,신한카드 알뜰More(알뜰모아),40,2,2.3,,,,,,,,,,1,,,,,,,,,,,,,,,
신한,위메프페이 신한카드,0,,1.2,,,,,,,,,,,,,,,,1,,,,,,,,,
신한,IKEA(이케아) Family with 신한카드,30,1.5,1.8,,,,1,1,,,1,,1,,,,,1,,,,,,,,,,
신한,SOCAR 제휴 SOCAR 신한카드,30,,1.3,,1,,1,,,,1,,,,,1,,,,,,,,,,,,
신한,다이소 신한카드,30,,1,,,,1,1,,,1,,,,,,,1,,,,,,,,,,
신한,수소차 충전할인 신한카드,30,2,2.3,,,1,1,,,1,,,,,,1,,,,,,,,,,,,
신한,신세계 The BLOSSOM 신한카드,50,4.5,4.8,,,,,1,,1,1,1,,,,,,1,,,1,,,,1,,,
신한,신한카드 Lesson Platinum#,30,,2.7,,,,,,,,,,1,,,,,1,,,1,,,,,1,,
신한,위버스 신한카드(BTS),30,3.5,3.5,,1,,1,1,,,1,1,,,,,,,,,,,,1,,,,
신한,홈플러스 스페셜 신한카드,50,1.5,1.8,1,,,1,,,,,,,,,,,,,,,,,,,,,
신한,GS칼텍스 신한카드 Shine,20,,0.7,,1,1,,,,,,,,,,,1,1,,,,,,,,,,
신한,L.PAY 신한카드,0,1.7,2,,1,,,,,,,,,,,,,,,,,,,,,,,
신한,넷마블 신한카드,40,1,1.3,,,,1,,,,1,,,,,,,1,,,,,,,,,,
신한,리디 신한카드,30,,1,,,,,1,,,1,1,,,,,,1,,,,,,,,,,
신한,신한라이프 THE PRIDE 신한카드,0,1.5,1.8,,,,1,,,1,,,,1,,,1,,,,,,,,,,,
신한,신한카드 Deep Store,30,,1.3,,,,1,1,,,1,,,,,,,1,,,,,,,,,,
신한,신한카드 My TeenS,0,0.1,,,,,1,,,,,,,,,,,,,,,,,,,,,
신한,신한카드 봄,0,1.7,2,,1,,,,,,,,,,,,,,,,,,,1,,,,1
신한,Paydays 신한카드,0,1.5,1.8,,,,,,,,,,,,,,,,,,,,,,,,,
신한,신세계사이먼 프리미엄 아울렛 신한카드,40,2,2.3,,,1,,1,,,,,,,,,,,,,,,,,1,,,
신한,신한카드 혼디모앙,0,3,3.3,,1,1,1,1,,,,,1,,,,1,,,,,,,,,,,
신한,위버스 신한카드(TXT),30,3.5,3.5,,1,,,1,,,1,1,,,,,,,,,,,,1,,,,
신한,대성학원 신한카드,30,3,3.3,,,1,,,,,,,,,,,1,,,,,,,,,1,,
신한,더본 신한카드,0,,1,,1,,1,,1,,1,,,,,,,1,,,,,,,,,,
신한,메가쇼핑 신한카드,0,1.2,1.5,1,1,1,1,,,,,,,,,,,,,,,,,,,,,
신한,신한 햇살론카드,30,0.5,,,,,,1,,,1,,,,,,,,,,,,,,,,,
신한,신한카드 Applus,30,1.5,1.5,,,,1,1,,1,1,,1,,,,,,,,,,1,,,,,
신한,신한카드 봄(도구리),0,1.7,2,,1,,,,,,,,,,,,,,,,,,,1,,,,1
신한,위버스 신한카드(SEVENTEEN),30,3.5,3.5,,1,,1,1,,,1,1,,,,,,,,,,,,1,,,,
신한,LG BEST SHOP 486 신한카드,50,2.2,2.5,,,,,,,,,,,,,,,,,,,,,,,,,1
신한,Z:IN 인테리어 신한카드,0,2.2,2.5,,,,,1,,,,,,,,,,,,,,,,,,,,1
신한,건담 신한카드,30,1.5,1.8,,1,,,1,1,,,,,,,,,1,,,,,,,,,,
신한,땡겨요 신한카드,30,1.5,1.8,,,,1,,,1,,,,,,,,,,,,,,,,,,
신한,베베쿡 신한카드,50,1.5,1.5,,,,,1,,,1,1,,,,,,1,,,,,,,,1,,
신한,아모레퍼시픽 신한카드,30,1.7,2,,,,1,1,,,,1,,,,,,,,,,,,,,,,
신한,위버스 신한카드(ENHYPEN),30,3.5,3.5,,1,,1,1,,,1,1,,,,,,,,,,,,1,,,,
신한,제주신화월드 신한카드,50,1.5,1.8,,,1,,1,,,1,1,,,,,,1,,,,1,,,,,,
삼성,삼성카드 & MILEAGE PLATINUM (스카이패스),0,4.7,4.9,,1,1,1,1,,,1,,,,,,,,,1,1,,,,,,,
삼성,삼성카드 taptap O,30,1,1,,1,,,1,,,1,,1,,,,,1,,,,,,,,,,
삼성,삼성 iD ON 카드,30,2,2,,1,,,,,1,1,,1,,,,,,1,,,,1,1,,,,
삼성,삼성 iD EV 카드,30,1.5,1.5,,,1,,,,1,,,,,,1,,,,,,,1,1,,,,
삼성,신세계이마트 삼성카드7,30,1.8,2,,,,,1,,,,,,,,,,1,,,,,,,,,,1
삼성,THE iD. PLATINUM(포인트),50,21.5,22,,,,,,,,1,,,,,,,,,1,1,,,1,,,,
삼성,삼성 iD SIMPLE 카드,0,0.7,0.7,1,,,,1,,,,,,,,,,1,,,,,,,,,,
삼성,taptap DIGITAL,30,1,1,,,,1,,,,,,,,,,,,1,,,,1,1,,,,
삼성,국민행복 삼성카드 V2,0,,,,,,,1,,,,,1,,,,,,,,,,1,1,,1,,
삼성,네이버페이 taptap,30,1.5,1.5,,,,,,,,1,,,,,,,,1,,,,,,,,,
삼성,삼성 iD ALL 카드,40,2,2,1,,1,1,1,,,,,1,,,,,,,,,,,,,,,
삼성,삼성 iD VITA 카드,50,2,2,,,,1,,,,,1,1,1,,1,,,,,,,1,,,,,
삼성,삼성 iD EDU 카드,50,3,3,,,,,1,,1,,,1,,,,,,,,,,1,,,1,,
삼성,아시아나 삼성애니패스플래티늄카드,30,,해외,,,1,,,,,1,,,,,1,1,1,,1,,,,,,,,
삼성,모니모카드,30,1,1,,1,,1,1,,1,1,,1,,,,,1,,,,,1,1,,,,
삼성,트레이더스신세계 삼성카드,40,1.5,1.5,,,,1,1,,,1,,1,1,,,,,,,,,,,,1,,
삼성,삼성카드 taptap S,50,1,1,1,,1,,,,,,,,,,,,1,,,,,,,,,,
삼성,American Express Blue(아멕스블루),30,,1.5,,,,1,1,,1,1,,1,,,,,,1,,,,1,1,,,,
삼성,알뜰교통플러스 삼성카드,30,0.8,0.8,,1,,,,,,1,,1,,,,,,,,,1,1,1,,,,
삼성,카카오뱅크 삼성카드,0,0.7,0.7,1,1,,1,1,,1,1,,,,,,,1,,,,,,1,,,,
삼성,삼성 iD ENERGY 카드,50,2,2,,1,1,,,,,1,,,,,1,,,,,,,,,,,,
삼성,taptap DRIVE,30,1,1,,,1,1,1,,,1,,,,,,,,1,,,,1,,,,,
삼성,카카오뱅크 개인사업자 삼성카드,50,1.5,1.5,1,,,,,,,1,,,,,,,,1,,,,1,,,,1,1
삼성,삼성카드 taptap I,50,4.9,4.9,,1,,,1,1,,1,,,,,,,1,,,1,1,,,,,,1
삼성,삼성페이카드,0,1.5,1.5,1,,,,,,,,,,,,,,,,,,,1,,,,,
삼성,삼성 BIZ iD BENEFIT카드,30,3,3,1,,1,,,,,,,1,,,,,,,,,,,,,,,1
삼성,SSG.COM 삼성카드,0,1.5,1.5,,,1,1,1,,,1,,,,,,,,1,,1,,1,1,,,,
삼성,THE iD. TITANIUM(포인트),50,69.5,70,,,1,,1,,,,,,,,,1,1,,1,1,1,1,,,,,
삼성,카카오페이 신용카드,0,1,1,,,,,,,,,,1,,,,,,1,,,,1,1,,,,
삼성,삼성카앤모아카드,30,0.8,1,,,1,,,,,1,,,,,1,,1,,,,,,,,,,
삼성,삼성카드 BIZ LEADERS,0,2,2,1,,1,1,1,,,,,1,1,,1,,,,,,,,,,,,
삼성,삼성페이 삼성카드 taptap,30,1,1,1,,,,,,,,,1,,,,,1,1,,,,,,,,,
삼성,MY S-OIL 삼성카드,30,2,2,,,1,,,,,1,,,,,1,,,,,,,,,,,,
삼성,RAUME O (스카이패스),0,,200,,,,,,,,,,,,,,1,,,1,1,1,,,,,,
삼성,글로벌쇼핑 삼성카드 5v2,0,,1.8,,,,1,1,,,1,,,1,,,1,1,,,,,1,,,,,
삼성,스카이패스 삼성아멕스카드,0,,2,,,1,,,,,,,,,,1,1,,,1,1,,,,,,,
삼성,iD MOVE카드,40,2,2,,1,,,,,,1,,1,,,,,,,,,1,1,1,,,,
삼성,삼성 iD AUTO 카드,0,4.9,4.9,1,,1,1,1,,1,1,,,,,1,,1,,,,,,,,,,
삼성,네이버웹툰 삼성 iD 카드,0,1,1,,,,,1,,,,,,,,,,,1,,,,1,1,,,,
삼성,삼성스토어 BENEFIT 삼성카드,30,2,2,,,1,,1,,,,,1,,,,,,,,,,,,,,,
삼성,삼성 모바일플러스카드,0,1.5,1.5,,,1,1,,,1,,,1,,,,,,1,,,,,1,,,,
삼성,T나는혜택 삼성카드,30,2,2,,,,,,,,,,1,,,,,,,,,,,,,,,1
삼성,삼성 iD NOMAD 카드,50,4.7,4.9,,,,1,1,1,,,,,,,,1,1,,,1,1,1,1,,,,
삼성,S-OIL 삼성카드 & POINT,0,1,1.2,,,1,1,,,,1,,1,,,,,1,,,,,1,,,,,
삼성,삼성 iD POCKET 카드,0,,,,1,,1,,,1,1,,,,,,,,,,,,,,,,,
삼성,RAUME O,0,,200,,,,,,,,,,,,,,1,,,,1,1,,,,,,
삼성,Toss taptap S,50,1,1,1,,1,,,,,,,,,,,,1,,,,,,,,,,
삼성,TRADERS CLUB 삼성카드,0,1.5,1.5,,1,,1,1,,,1,,,,,,,1,,,,,,,,,,
삼성,신세계 아울렛 BENEFIT 삼성카드,40,2,2,,,,1,1,,1,1,,,,,,,,1,,,,1,,,,,
삼성,홈플러스 삼성카드,0,1.5,1.5,,,1,1,,,,,,,1,,,,,,,,,,,,,,
삼성,CJ 삼성 iD 카드,30,1,1,,,,1,1,1,1,1,1,1,,,,,1,,,,,,1,,,,
삼성,롯데월드카드,30,1,1,1,,1,,1,,1,,,1,,,,1,1,,,,,1,1,,,,
삼성,신세계 THE S VIP,50,4.7,4.9,1,,,1,1,1,,1,,1,1,,1,1,1,,,1,,,,,1,,
삼성,신세계 더 마일리지 삼성카드 (스카이패스),50,4.5,4.5,1,,,,1,,,,,,,,,,,,,1,,,,,,,
삼성,LG U+ 삼성카드,30,2,2,,,,,,,,,,1,,,,,,,,,,,,,,,1
삼성,삼성 iD PET 카드,40,1.5,1.5,,,,,,,,1,,,1,1,1,,,1,,,,1,1,,,,
삼성,PAYCO taptap,40,0.99,0.99,,,,1,,,1,1,,,,,,,,1,,,,,1,,,,
삼성,아시아나 삼성지엔미플래티늄카드,30,,2,,,1,,,1,,1,,,,,1,1,1,,1,,,,,,,,1
삼성,CU·배달의민족 삼성카드 taptap,30,1,1,,1,,1,,1,1,,,,,,,,,,,,,,,,,,
삼성,KT 삼성카드,30,2,2,,,,,,,,,,1,,,,,,,,,,,,,,,1
삼성,부릉 삼성카드 BIZ,0,1,1,,,1,1,1,1,,1,,1,1,,,,1,,,,,1,,,1,,
삼성,RAUME O (아시아나),0,,200,,,,,,,,,,,,,,1,,,1,1,1,,,,,,
삼성,다이소 삼성카드,0,0.8,0.8,,,,1,1,,1,1,,,1,,,,,,,,,,,1,,,
삼성,라이프파트너 삼성카드,30,2,2,,,1,1,,,,,,,1,,,,1,,,,,,,,,,
삼성,우리동네GS 삼성카드,0,1.5,1.5,,,,1,,,1,1,,,,,,,,,,,,1,1,1,,,
삼성,엠베스트 엘리하이 삼성카드,30,1.5,1.5,,,,,,,,,,1,,,,,,,,,,,,,1,,
삼성,SC제일은행 아시아나 삼성지엔미카드,0,2,2,,,1,,,,,,,,,,1,1,,,1,,,,,,,1,
삼성,taptap SHOPPING,30,1,1,,,,,1,,,,,,,,,,,,,,,1,1,,,,
삼성,요기요 삼성카드,0,1,1,,,,1,1,,1,1,,,,,,,,,,,,,1,,,,
삼성,NS홈쇼핑 삼성카드,40,1,1,,,1,1,1,,,1,,1,,,,,,,,,,,,,,,
삼성,삼성스토어 삼성카드,50,2,2,,1,,,1,,,1,,,,,,,,,,,,,,,,,1
현대,현대카드ZERO Edition2(할인형),0,1,1,,1,,1,,1,,1,,,,,,,,1,,1,,,,,,,1
현대,현대카드 M BOOST,50,3,3,,1,,1,1,1,,1,1,1,,,1,,1,1,,1,,1,,,1,,1
현대,현대카드Z family,40,1,1,,,1,1,1,,1,,,1,,,,,,,,,,,,,,,1
현대,현대카드ZERO Edition2(포인트형),0,1,1,,1,1,1,,1,,1,,,,,,,,1,,1,,,,,,,1
현대,American Express® Gold Card,0,0,30,1,1,,,,,,,,,,,,,,,1,1,1,,,,,,
현대,the Green Edition2,50,15,15,,,,,,,,,,,,,,,,,,1,,,,,,,
현대,대한항공카드 030,0,3,3,,,,,,,,,,,,,,,,,1,1,,,,,,,
현대,the Red Edition5,50,30,30,,,,,,,,,,,,,,,,,1,1,,,,,,,
현대,현대카드Z ontact,40,1,1,,,,,1,,1,1,,,,,,,,1,,,,,1,,,,1
현대,현대카드Z work,40,1,1,,1,,1,,,,1,,1,,,,,,1,,,,,,,,,1
현대,현대카드 M3 BOOST,50,9,9,,1,,1,1,1,,1,,1,,,1,,1,1,,1,,,,,,,1
현대,American Express The Platinum Card®,0,0,100,1,,,,,,,,,,,,,,,,1,1,1,,,,,,
현대,대한항공카드 150,0,15,15,,,,,,,,1,,,,,1,,,,1,1,,,,,,,
현대,대한항공카드 070,0,7,7,,,,,,,,1,,,,,1,,,,1,1,,,,,,,
현대,대한항공카드 the First,0,50,50,,,,,,,,1,,,,,1,,,,1,1,,,,,,,
현대,the Purple osée,0,80,80,,,,,,,,,,,,,,,,,1,1,,,,,,,
현대,NOL 카드,40,2,2,,1,,1,1,,,1,,,,,,1,1,,,1,1,1,1,,,,
현대,현대카드 M2 BOOST,50,6,6,,1,,1,1,1,,1,,1,,,,,1,1,,1,,,,,1,,1
현대,the Pink,50,15,15,1,,,,,,,,,,,,,,,,,1,,,,,,,
현대,현대카드 X BOOST,50,3,3,1,,,,,,,,,,,,,,,1,,1,,1,,,,,1
현대,American Express® Green Card,0,,10,1,,,,,,,,,,,,,,,,1,1,1,,,,,,
현대,코스트코 리워드 현대카드,0,1,1,,1,,1,1,,,1,,,,,,,1,,,1,,,,1,,,
현대,현대카드 X3 BOOST,50,9,9,1,,,,,,,,,,,,,,,1,,1,,1,,,,,1
현대,SKT-현대카드M Edition3(라이트할부형2.0),50,2,2,,1,1,1,1,1,,1,,1,,,,,1,,,,,,,,1,,
현대,SmileCard Edition2,0,1,1,1,,,,,,,,,,,,,,,,,,,,,,,,1
현대,에너지플러스카드 Edition2,30,1,1,,,1,,,,,,,,,,,,,,,,,,,,,,
현대,SSG.COM 카드 Edition2,30,1,1,1,,,,1,,,,,,,,,,,,,,,,1,,,,
현대,the Red Stripe,50,50,50,,,,,,,,,,,,,,,,,1,1,,,,,,,
현대,Kia Members 신용카드 Edition2,0,3,3,,,,,,,,,,,,,1,,,,,,,,,,,,
현대,스타벅스 현대카드,30,3,3,,,,,,,,1,,,,,,,,,,1,,,,,,,
현대,Kia Members 경차전용카드(유류세 환급),30,0,0,,,1,,,,,,,,,,1,,,,,,,,,1,,,
현대,SmileCard the Club,0,5,5,,,,,,,,,,,,,,,,1,,1,,,,,,,1
현대,SSG.COM카드,30,2,2,,,,,1,,,,,,,,,,,,,,,,,,,,
현대,코스트코 리워드 비즈니스 현대카드,0,1,1,,1,,1,,,,1,,,,,,,1,,,1,,,,1,,,
현대,캐롯손해보험-현대카드M Edition3,50,3,3,,1,,1,,1,,1,,1,1,,,,,,,,,,,,1,,
현대,배민현대카드,30,1,1,,,,,1,,1,,,,,,,,,,,,,,1,,,,
현대,넥슨 현대카드,0,1,1,1,,,,,,,,,,,,,,,,,,,,,,,,
현대,무신사 현대카드,30,1,1,,,,,1,,,,,,,,,,,,,,,,,,,,
현대,현대카드 MY BUSINESS ZERO Food&Drink,0,3,3,1,,,,,,,,,,,,,,,,,,,,,,,,1
현대,현대카드M-경차전용카드(유류세 환급),30,0,0,,,1,,,,,,,,,,1,,,,,,,,,1,,,
현대,이마트 e카드 Edition2,0,2,2,1,1,,1,,,,1,,1,,,,,,,,,,,,,,,
현대,Hyundai Mobility(모빌리티) Platinum,50,7,7,,1,,,,,,1,,,,,1,,,,,1,,,,1,,,
현대,Kia Members 경차전용카드,0,0.5,0,,,1,,,,,,,,,,1,,,,,,,,,1,,1,
현대,Hyundai Mobility(모빌리티) 카드,50,3,3,,1,1,,,,,,,,,,1,,,,,,,,,1,,,
현대,넥슨 현대카드UNLIMITED,0,15,15,1,1,,1,1,,1,1,,,,,,,1,,,1,,,1,,,,
현대,현대카드 MY BUSINESS ZERO Online Seller,0,3,3,1,,,,,,,,,,,,,,,,,,,,,,,,1
현대,현대카드 MY BUSINESS ZERO Retail&Service,0,3,3,1,,,,,,,,,,,,,,,,,,,,,,,,1
현대,현대카드 X2 BOOST,50,6,6,1,,,,,,,,,,,,,,,1,,1,,1,,,,,1
현대,미래에셋 현대카드 Gold,50,15,15,,,,1,1,,1,1,,,,,,,,,1,1,,,1,,,,
현대,쏘카카드,0,1,1,,1,,,1,1,,1,,,,,1,,1,,,,1,,,,,,
현대,PlayStation® - 현대카드M,0,2,2,,,,,,,,,,,,,,,1,,,,,,,,,,
현대,미래에셋 현대카드 Diamond,50,50,50,,,,,1,,,,,,,,,,,,,1,,,,,,,
현대,Hyundai Mobilty카드(상용차),30,3,3,1,,1,,,,,,,,,,1,,,,,,,,,1,,,
현대,미래에셋 현대카드 Silver,50,3,3,,,,1,1,,1,1,,,,,,,,,,,,,1,1,,,
현대,Kia Members 전기차 신용카드,50,3,3,,,1,1,,1,,,,,,,1,1,1,,,,,,,,,1,
현대,산림조합-현대카드M(청구할인형),0,1,1,,,,,,,,,,1,,,,,,,,,,,,,,,
현대,인플카 현대카드,40,1,1,,1,,1,,,1,,,1,,,,,,,,1,,,,,,,
현대,현대카드M CHECK,0,0.2,,,,,,,,,,,,,,,,,,,,,,,,,,
현대,현대카드M HYBRID,0,,,1,,,,,,,,,,,,,,,,,,,,,,,,
현대,현대카드X CHECK,0,0.2,,1,,,,,,,,,,,,,,,,,,,,,,,,
현대,SC제일은행-현대카드 X CHECK,0,,,,,,,,,,,,,,,,,,,,,,,,,,1,1
현대,SC제일은행-현대카드 M CHECK,0,,,,,,,,,,,,,,,,,,,,,,,,,,1,
현대,현대카드M CHECK-경차전용카드(유류세 환급),0,,,,,1,,,,,,,,,,,1,,,,,,,,1,,,
현대,현대카드X HYBRID,0,,,1,,,,,,,,,,,,,,,,,,,,,,,,
KB국민카드,KB국민 My WE:SH 카드,40,1.5,1.5,,1,,,,1,1,1,1,1,,,,1,1,1,,,,,1,,,,
KB국민카드,다담카드,30,1.5,2,,1,1,1,1,1,,1,,1,,,,1,1,,,,,1,,,1,,
KB국민카드,Easy all 티타늄카드,50,3,3,,1,1,1,1,1,1,1,1,1,1,,,1,,,,1,,1,1,,1,,
KB국민카드,굿데이올림카드,30,1.5,2,,1,1,1,,1,,1,,1,,,,1,,,,,,1,,,1,,
KB국민카드,BeV V카드(스카이패스형),50,29.5,30,,,,,,,,,,,,,,,,,1,1,,,,,,,
KB국민카드,청춘대로 톡톡카드,30,1,1.2,,1,,,,1,,1,,1,,,,,,1,,,,,,,,,
KB국민카드,BeV V카드(포인트형),50,29.5,30,1,,,,,,,,,,,,,,,,,1,,,,,,,
KB국민카드,BeV Ⅲ 카드,50,20,21,1,,1,,,,,,,,,,,,,,,1,,,,,,,
KB국민카드,FINETECH카드(대한항공),,2,2.5,,,,,,,,,,,,,,,,1,1,,,,,,,,
KB국민카드,가온글로벌카드,,1.5,2,1,,,,1,,,,,,,,,,,,,,1,1,,,,,
KB국민카드,가온올림카드(실속형),,1.5,1.5,1,1,,,,1,,,,1,,,,1,1,,,,,1,,,,,
KB국민카드,알뜰교통플러스 카드,30,0.8,0.8,,1,,1,,,,1,,1,1,,,,1,1,,,,,,,,,
KB국민카드,톡톡O 카드,30,1.2,1.2,,1,,1,,,,,,,,,,,,1,,,,,1,,,,
KB국민카드,KB국민 WE:SH All카드,40,2,2,1,,,,1,,,,,1,,,,,,,,,,1,1,,,,
KB국민카드,쿠팡 와우 카드,,2,2,1,,,,1,,1,,,,,,,,,,,,,,1,,,,
KB국민카드,FINETECH카드(아시아나),,2,2.5,,,,,,,,,,,,,,,,1,1,,,,,,,,
KB국민카드,톡톡 my point카드,,1.2,1.2,1,,,,,,,,,,,,,,,1,,,,,,,,,
KB국민카드,금융포인트리카드,,,0.5,,,,,,,,,,,,,,,,,,,,,,,,1,
KB국민카드,The Easy카드,,1.5,1.5,1,,1,1,,,,1,1,1,,,,,,,,,,,,,1,,
KB국민카드,Easy pick 티타늄 카드,50,3,3,,1,1,1,1,,1,1,1,1,,,1,1,1,1,,1,,,,,1,,
KB국민카드,톡톡D 카드,30,1.2,1.2,,1,,1,,,1,,,,,,,,,1,,,,,,,,,
KB국민카드,Easy link 티타늄카드,50,3,3.2,,1,1,1,1,,,,1,1,1,,,1,1,,,1,1,,1,,,,
KB국민카드,톡톡 Pay카드,40,2,2,,1,,1,,,,,,,,,,,,1,,,,,,,,,
KB국민카드,톡톡 my living카드,30,1.2,1.2,,,,1,1,,,,,1,,,,,,1,,,,,,,1,,
KB국민카드,스카이패스 티타늄 카드,,4.5,4.5,1,,,,1,,,,,,,,,,,,1,1,1,1,,,,,
KB국민카드,굿데이카드,30,0.5,1,,1,1,1,,1,,1,1,1,1,,,,,,,,,,,,1,,
KB국민카드,The CJ KB국민카드,,0.5,1,,,,,1,1,,,1,,,,,,1,,,,,,,,,,
KB국민카드,HERITAGE Smart [대한항공 마일리지형],50,20,20,1,,,,,,,,,,,,,,,1,,1,,,,,,1,
KB국민카드,알파원카드,,,,,,,,,,,,,,,,,,,1,,,,,,,,,
KB국민카드,탄탄대로 Biz 카드,40,1.5,1.5,,,1,1,1,,,,,1,,,,,,,,,,,,,,,
KB국민카드,카카오뱅크 KB국민카드,50,1.5,1.5,,,,1,,1,,,,,,,,1,1,1,,,1,,,,,,
KB국민카드,Easy fly 티타늄카드,50,3.5,3.5,1,1,,,,,,1,,,,,,,1,,,1,1,,,,,,
KB국민카드,톡톡F 카드,30,1.2,1.2,,1,,1,1,,,,,,,,,,,1,,,,,,,,,
KB국민카드,HERITAGE Smart [할인형],50,20,20,1,1,1,,1,,,1,,,,,,1,,,,1,,,,,,1,
KB국민카드,톡톡M 카드,30,1.2,1.2,,1,,1,,,,,,,,,,,,1,,,,,1,,,,
KB국민카드,아시아나 올림카드,,2.8,3,,,,,,,,,,,,,,,,,1,,,,,,,,
KB국민카드,KB국민 국민행복카드,40,,,,,,1,1,,,,,1,1,,,,,,,1,,,,,1,,
KB국민카드,아시아나항공 KB국민카드,,1.3,1.5,,,,,,,,,,,,,,,,,1,,,,,,,,
KB국민카드,Liiv M Ⅱ 카드,30,1.5,1.5,,,,,,,,,,1,,,,,,,,,,,,,,,
KB국민카드,와이즈카드,,0.5,1,1,,1,1,1,1,,,,1,1,,,1,,,,,,,,,1,,
KB국민카드,Easy shopping 티타늄카드,50,3,3,,,,1,1,,1,,,1,,,,,,1,,1,,,,,,,
KB국민카드,스카이패스 KB국민카드,,,1.5,,,,,,,,,,,,,,,,,1,,,,,,,,
KB국민카드,KB국민 Our WE:SH 카드,40,1.5,1.5,,,,1,1,,1,,,1,1,,,,1,,,,,,,,,,
KB국민카드,KB차차차 신용카드,40,3,3,,,1,,,,,,,,,,1,,,,,,,,,,,,
KB국민카드,톡톡 with카드,40,1.2,1.2,,1,,,,,1,1,,,,,,,,1,,,,,1,,,,
KB국민카드,HERITAGE Reserve(스카이패스형),,80,80,,,,,,,,,,,,,,,,,1,1,,,,,,,
KB국민카드,마일리지 가온카드(대한항공),,1.5,2,,,,,,,,,,,,,,,,,1,,,,,,,,
KB국민카드,toss KB국민카드,,2,2,1,,,,,,,1,,,,,,,,,,,,,,,,,
KB국민카드,Easy all 카드,50,2,2,,1,1,1,1,1,1,1,1,1,1,,,1,1,,,1,,1,1,,1,,
KB국민카드,마일리지 가온카드(아시아나),,1.5,2,,,,,,,,,,,,,,,,,1,,,,,,,,
KB국민카드,SK에너지 러브유 KB국민카드,30,0.7,1.2,,1,1,,,,,,,,,,1,,,,,,,,,,,,
KB국민카드,GS행복가득카드,30,0.7,1.2,,1,1,,,,,,,,,,1,,,,,,,,,1,,,
KB국민카드,Liiv M 카드,50,2,2,,,,,,,,,,1,,,,,,,,1,,,,,,,
KB국민카드,BeV Ⅸ 토탈마일 카드,,,100,,,,,,,,,,,,,,,,,1,1,,,,,,,
KB국민카드,Easy on카드,50,2,2,,1,,1,1,1,1,1,,1,,,,,,1,,,1,,1,,,,
KB국민카드,알뜰폰 Hub 카드,50,2,2,,,,,,,,,,1,,,,,,,,1,,,,,,,
KB국민카드,e hi-pass 카드(현대차),,0.2,,,,,,,,,,,,,,1,,,,,,,,,1,,,
KB국민카드,Easy study 티타늄카드,50,3.5,3.5,,,,1,,1,,,1,1,,,,,,,,1,,,,,1,,
KB국민카드,T-economy KB국민카드,30,1.5,1.5,,,,,,,,,,1,,,,,,,,,,,,,,,
KB국민카드,kt M mobile카드,30,,1.5,,,,,,,,,,1,,,,,,,,,,,,,,,
KB국민카드,SK LPG SAVE KB국민카드,30,0.3,0.5,,,1,,,1,,,,,,,1,,,,,,,,,,,,1
KB국민카드,H.Point KB국민카드,,,1.2,1,,1,1,1,1,,1,1,,1,,,1,1,,,,,,,,1,,
KB국민카드,KB국민 펫코노미 카드,30,3,3,,,,1,,,,,,,,1,,,,,,,,,,,,,
KB국민카드,가온 Biz카드,50,,1.5,1,,1,,,,,,,1,,,,,,,,,,,,,,,
KB국민카드,알뜰폰 Hub Ⅱ 카드,30,1.5,1.5,,,,,,,,,,1,,,,,,,,,,,,,,,
KB국민카드,Clip카드,30,,1.5,,,,,,,,,,1,,,,,,,,,,,,,,,
KB국민카드,S-OIL LPG KB국민카드,30,0.5,1,,,1,,,1,,,,,,,1,,1,,,,,,,,,,1
KB국민카드,HERITAGE Exclusive,,200,200,1,,,,,,,,,,,,,,,,,1,,,,,,,
KB국민카드,HERITAGE Reserve(포인트형),,80,80,1,,,,,,,,,,,,,,,,,1,,,,,,,
KB국민카드,Easy pick카드,50,2,2,,1,1,1,1,,1,1,,1,,,,,1,1,,,,,,,,,
KB국민카드,톡톡 구독카드,40,3,3,,,,,,,,,,,,,,,,,,,,,1,,,,
KB국민카드,Easy shopping 카드,50,1.5,1.5,,,,1,1,,1,,,1,,,,,,1,,,,,,,,,
KB국민카드,삼성페이 KB국민카드,40,,1.5,,,,1,,1,,1,,1,1,,,,1,1,,,,,,,,,
KB국민카드,제주항공 Refresh Point KB국민카드,,,2,,,,,,,,,,,,,,,,,1,,,,,,,,
KB국민카드,탄탄대로 웰컴카드,30,,1.5,,1,,1,1,,,,,1,,,,1,1,,,,,,,,,,
KB국민카드,EVO 티타늄카드,50,3,3,,,1,1,1,,,,,,,,,,,,,1,,,,,,,
KB국민카드,골든라이프올림카드,30,1.5,2,,1,1,1,,1,,,,1,1,1,,1,,,,,1,1,,,,,
KB국민카드,모바일101카드,20,,0.1,,1,,,1,,,,,1,,,,,,1,,,,,,,,,
KB국민카드,E1 LPG KB국민카드,50,,2,,1,1,,1,1,,,,,,,,1,1,,,,,,,,,,
KB국민카드,Easy auto 티타늄카드,50,3,3,1,,1,1,,,,1,,,,,1,,1,,,1,,,,,,,
KB국민카드,에듀카드,100,,3.5,,,,,,,,,,,1,,,,,,,,,,,,1,,
KB국민카드,이마트II KB국민카드(옐로우),50,1.5,1.5,,,1,1,,1,,1,1,,1,,,1,,,,,,,1,,1,,
KB국민카드,Green Wave 1.5℃카드,40,1.5,1.5,,,,,1,,,,,,,,1,,,,,,,,1,,,,
KB국민카드,LG전자 KB국민카드,30,,1.5,,,,,,,,,,1,,,,,,,,,,,,,,,1
KB국민카드,레고랜드카드,40,2,2,,,,1,1,1,1,1,,,,,,1,,1,,,,1,,,1,,
KB국민카드,마이핏카드(할인형),30,1,1,,,1,1,1,1,1,1,1,1,,,,,,,,,,,,,,,
KB국민카드,에버랜드 판다카드,30,1.2,1.7,,,,,,1,,,,,,,,1,,,,,,,,,,,
KB국민카드,Easy ring 티타늄카드,50,3,3,,,1,1,1,,1,1,,1,,,,,1,,,1,,,1,,,,
KB국민카드,KMVNO 알뜰폰 카드,30,1.5,1.5,,,,,,,,,,1,,,,,,,,,,,,,,,
KB국민카드,가온 워킹업카드,,,1.5,1,,,,,,,,,,,,,,,,,,,1,,,,,
KB국민카드,넥센타이어 KB국민카드,30,1.2,1.4,,,,,,,,,,,,,1,1,1,,,,,,,,,,
KB국민카드,마이핏카드(적립형),50,3,3,,1,,1,1,,1,,,,,,,,,1,,,,,,,,,
KB국민카드,GS SHOP KB국민카드,40,2.5,2.5,,1,,1,1,,,1,1,1,,,,1,,,,,,,,,,,
KB국민카드,KB Pay 챌린지+카드,,3,3,,,,,,,,,,,,,,,,,,,,,,,,,
KB국민카드,KB Pay 챌린지카드,,1.5,1.5,,,,,,,,,,,,,,,,,,,,,,,,,
KB국민카드,랭킹닭컴 신용카드,30,1.5,1.5,,,,,1,,,,,,,,,1,,,,,,,1,,,,
KB국민카드,CHALLENGE BAG KB국민카드,40,,1.5,1,,1,1,1,1,,1,1,,1,,,1,,,,,,,,,1,,
KB국민카드,U＋ 알뜰모바일카드,30,,1.5,,,,,,,,,,1,,,,,,,,,,,,,,,
KB국민카드,반려愛카드(강아지),30,,0.8,,,,1,1,,,,,,,1,,,,,,,,,,,,,
KB국민카드,요기패스 신용카드,30,1.5,1.5,,,,1,,1,,1,1,,,,,,,,,,,,1,,,,
KB국민카드,TMAP KB국민카드,40,1.5,1.5,,,1,,,1,,,,,,,1,,,,,,,,1,,,,
KB국민카드,레고랜드매니아카드,40,10,10,,,,1,1,,1,,,,,,,1,,1,,1,,1,1,,,,
KB국민카드,해피포인트 해피리워드 카드,30,1.5,1.5,1,,,,,,,,1,,1,,,1,,,,,,,1,,1,,
KB국민카드,SK 7mobile카드,30,,1.5,,,,,,,,,,1,,,,,,,,,,,,,,,
KB국민카드,커피빈 신용카드,50,2,2,,,1,1,,1,,1,1,,1,,,1,,,,,,,,,1,,
KB국민카드,LFmall 신용카드,,1.5,1.5,1,,,,1,,,,,,,,,,,,,,,,,,,,
KB국민카드,wavve카드,30,1.5,1.5,,,,1,,,1,1,1,,,,,1,,,,,,,1,,,,
KB국민카드,갤러리아 KB국민카드,50,1.5,1.5,,,,,1,,,,,,,,,,,,,,,,,1,,,
KB국민카드,모두투어 투어마일리지 KB국민카드,,,1.5,,,,,,1,,1,,,,,,,1,,,,1,,,,,,
KB국민카드,AK KB국민카드,30,,1.2,,,,,1,1,,1,1,,,,,1,1,,1,,,,,,1,,
KB국민카드,웅진씽크빅 카드,30,1.5,1.5,,,,,,,,,,,,,,,,,,,,,,,1,,
KB국민카드,위메프페이 신용카드,,2,2,,,,1,1,1,,1,1,,,,,1,,,,,,,,,,,
KB국민카드,KB국민 윙크카드,50,2,2,,,,,,,,,,,,,,,,,,1,,,,,,,
롯데,LOCA 365 카드,50,2,2,,1,,,,,1,,,1,1,,,,,,,,,,1,,1,,1
롯데,LOCA LIKIT 1.2,0,1,1,1,,,,1,,,,,,,,,,,,,,,,,,,,
롯데,롯데백화점 롯데카드,30,1,1.5,,,,,1,,,,,,,,,,,,,,,,,1,,,1
롯데,LOCA LIKIT Play,40,1,1,,,1,,,,,,,,,,,,1,,,,,,1,,,,
롯데,LOCA LIKIT Eat,40,1,1,,,,,,1,1,1,,,,,,,,,,,,,1,,,,
롯데,SKYPASS 롯데 아멕스카드,0,,2,,,,,,,,,,,,,,,,,1,,,,,,,,
롯데,LOCA LIKIT Shop,40,1,1,,,,1,1,,,,1,,,,,,,,,,,,1,,,,
롯데,LOCA Mobility 반띵 카드,40,1.7,1.7,,1,,,1,,,1,1,,,,,,,,,,,,1,,,,
롯데,LOCA 나누기 카드,0,2,2,,,,,,,,,,,,,,,,,,,,,,1,,,1
롯데,I’m YOLO 플래티넘,50,4.8,5,,,,,,,,,,,,,,,,,1,1,,,,,,,
롯데,LOCA LIKIT - Manhattan Yellow,40,1,1,,1,,,,,1,1,,1,,,,,1,,,,,,,,,,
롯데,LOCA CLASSIC,150,2,2,1,1,1,1,1,,1,1,,,1,,1,,1,,,,,,,,,,
롯데,네이버페이 플래티넘 롯데카드,0,1.5,1.5,,,,,,,,,,,,,,,,,,1,,,,,,,
롯데,카카오뱅크 롯데카드,0,1.5,1.5,1,,,,,,,,,,,,,,,,,1,,,,,,,
롯데,롯데 국민행복카드,30,,,,1,,,1,,,,,1,1,,,,,,,,,,,,1,,
롯데,롯데포인트 플러스 카드,0,0.5,0.5,,,1,,1,1,,,1,,,,,1,,,,,,,,,,,1
롯데,아멕스 플래티넘 아시아나클럽 롯데카드,50,5.5,5.5,,,,,,,,,,,,,,,,,1,,,,,1,,,
롯데,Mobile x LOCA 롯데카드,40,2,2,1,,,,,,,,,1,,,,,,,,,,,,1,,,
롯데,E1 LPG 롯데카드,30,1.5,,,,1,,1,1,,,,,,,1,1,1,,,,,,,1,,,
롯데,LOCA MONEY,0,2,2,1,,,,,,,,,,,,,,,,,,,,,,,,
롯데,네이버페이 쇼핑엔로카,0,1,1,,,,,,,,,,,,,,,,,,,,,,,,,1
롯데,롯데마트&MAXX 카드,0,1.8,2,,,1,1,,,,,,1,1,1,,,,,,,,,1,,1,,
롯데,LOCA LIKIT - New York Blue,40,1,1,,1,,,,,1,1,,1,,,,,1,,,,,,,,,,
롯데,LOCA for Shopping,150,2,2,,,,1,1,,,,,,,,,,,,,,,,,,,,
롯데,New PAYCO 롯데카드,0,1.5,1.5,,,,,,,,,,,,,,,,,,,,,,,,,
롯데,롯데백화점 FLEX카드,50,10,10,1,,,,1,,,1,,,,,,,,,,1,,,1,,,,
롯데,아시아나 듀얼마일리지 롯데카드,0,4.3,4.5,,,,,,,,,,,,,,,,,1,,,,,,,,
롯데,LOCA for 롯데마트,0,2,2,,,,1,,,,,,,,,,,,,,,,,,,,,
롯데,케이뱅크 롯데카드,0,1.5,1.5,1,1,,,,,1,1,,,,,,,,1,,1,,,1,,,,
롯데,LOCA X 구독,30,2,2,,,,,,,,,,1,,,,,,,,,,,,,,,1
롯데,샤롯데 플래티넘 스타 카드,0,,3.5,,,1,,1,1,,1,1,,,,,1,1,,,1,1,,,,,,
롯데,아시아나클럽 롯데 플래티넘 카드,0,,12,,,,,,,,,,,,,,,,,1,1,,,,,,,
롯데,LOTTE ONers 롯데카드,30,0.5,0.5,,,,,,,,,,,,,,,,,,,,,,1,,,
롯데,LOCA PLATINUM 마일리지형,0,10,10,,,,,,,,,,,,,,,,,1,1,1,,,,,,
롯데,롤라카드,40,1.5,1.5,,,1,1,1,,,1,1,,1,,1,1,1,,,,,1,,,1,1,
롯데,하나은행 밀리언달러 카드,0,1.5,1.5,1,,,,1,,1,,,,,,,,,,,,,1,1,,,,
롯데,나무 롯데카드,0,2,2,1,1,,,,,,1,,,,,,,,,,1,,,1,,,,
롯데,LOCA 100,75,2,2,1,,,,,,,,,,,,,,,,,1,,,,,,,
롯데,LOCA 100 Life,75,2,2,,,1,,,,,,,1,1,,,,,,,,,,,,,,1
롯데,LOCA PLATINUM 할인형,150,10,10,1,,,,,,,,,,,,,,,,,1,1,,,,,,
롯데,롯데아울렛 롯데카드,0,1,1.5,,,,,1,1,,,1,,,,,1,1,,,,1,,,,,,
롯데,Trip to 로카,0,2,2,1,,,,,,,,,,,,,,,,,,,1,,,,,
롯데,경차 smart 롯데카드,30,,,,1,1,,1,1,,,1,,,,1,1,1,,,,,,,,,,
롯데,골프존 롯데카드,40,1,1.5,,,,,1,1,,,1,,,,,1,1,,,,,,,1,,,
롯데,L.CLASS L60 (L.POINT형),0,59.5,60,1,,,,,,,,,,,,,,,,,1,,,,,,,
롯데,LOCA for Edu,150,2,2,,,,,,,,,,,,,,,1,,,,,,,,1,,
롯데,롯데마트 롯데카드,20,1,1.5,,,,,1,1,,,1,,,,,1,1,,,,,,,,,,1
롯데,Happy 디지털카드,30,1.5,1.5,1,1,,1,,,,,,,,,,,,,,1,,,,1,1,,
롯데,L.pay 롯데카드 Ⅱ,30,1,1,,,,,,,,,,,,,,,,1,,,,,,,,,
롯데,세븐일레븐 멤버쉽롯데카드,0,0.5,,,,1,1,1,1,,,1,,,,,1,1,,,,1,,,1,,,1
롯데,Flex카드 몽블랑 에디션,50,10,10,1,,,,1,,,1,,,,,,,,,,,,,1,1,,,
롯데,GS&POINT 롯데카드,40,1.5,1.5,,,,,1,,,,,,,,,,,,,,,,,1,,,
롯데,LOCA CLASSIC 롯데마트,0,2,2,1,,,,,,,,,,,,,,,,,,,,,,,,
롯데,뉴GS칼텍스 롯데카드,0,0.5,1,,,1,,1,1,,,1,,,,,1,1,,,,,,,,,,
롯데,위메프페이 롯데카드,0,2,2,,,,,1,,,,,,,,,,,,,1,,,,1,,,
롯데,Kakaopage 롯데카드,0,1.5,1.5,,,,,,,,,,,,,,,,,,,,,,1,,,1
롯데,L.CLASS L60 (아시아나클럽형),0,59.5,60,,,,,,,,,,,,,,,,,1,1,,,,,,,
롯데,삼성페이 롯데카드,30,0.5,,,,,,1,1,,,,,,,,,1,1,,,,,,,,,
롯데,L.CLASS L60 (스카이패스형),0,59.5,60,,,,,,,,,,,,,,,,,1,1,,,,,,,
롯데,LOCA for Health,150,2,2,,1,,,1,,,,,,1,,,,,,,,,,,,,,
롯데,MY RENTAL+ 롯데카드,50,1.5,1.8,,,1,,,,,,,1,,,1,,,,,,,,,,,,
롯데,e플래티넘 롯데카드,50,1.8,2,,1,,1,,1,,1,,,,,,,,1,,1,,,,,,,
롯데,LOCA for Auto,150,2,2,,,1,1,,,1,,,,,,1,,,,,,,,,,,,
롯데,LOCA for Coffee,150,2,2,,1,,,1,,1,1,,,,,,,,,,,,,1,,,,
롯데,Jin Air - 롯데카드,30,0.5,0.6,,,,,1,1,,1,,,,,,1,1,,,,1,1,,1,,,
롯데,뱅크샐러드 빨대카드,50,2,2,,,,1,,,1,1,,,,,,,,,,,,,1,1,,,
롯데,캐롯손해보험 롯데카드,30,2,2,,,,,,,,,,,,,1,,,,,,,,,1,,,
롯데,LOCA in MEGACITY,150,2,2,,,,,1,,,,,,,,,1,,,,,,,,,,,
롯데,이랜드리테일 롯데카드,0,1,1.5,,,,1,1,,,,,,,,,,,,,,,,,1,,,1
우리,DA@카드의정석,,0.5,1,1,1,1,1,1,1,,1,1,1,1,,,,1,,1,,1,,,,1,,
우리,카드의정석 EVERY 1,,1.2,1.2,,,,,,,,,,,,,,,,,,,,,,,,,
우리,트래블월렛 우리카드,,2,2,,,,,,,,,,,,,,,,,,,,1,,,,,
우리,카드의정석 EVERY MILE SKYPASS,,,3.9,,,,,,,,,,,,,,,,,1,,,1,,,,,
우리,카드의정석 WOWRI,30,1,1.2,,,,,,,,,,,,,,,,1,,,,,,,,,
우리,카드의정석 EVERY 1 (망그러진곰 Edition),,1.2,1.2,1,,,,,,,,,,,,,,,,,,,,,,,,
우리,카드의정석 SHOPPING,30,1,1.2,,,1,,1,,,1,,,,,,,,1,,,,,,,,1,
우리,카드의정석 PREMIUM MILEAGE(SKYPASS),50,13.5,13.5,,,1,,,,,,,,,,,,,,1,1,,,,,,,
우리,알뜰교통카드,30,1.3,1.5,,1,,1,,,,1,,1,1,,,1,,1,,,,,,,1,,
우리,D4@카드의정석,30,0.9,1,,1,,1,,,,1,,,,,,,1,,,,,,,,,,
우리,로얄블루1000카드 [SKYPASS],,,100,,,1,,1,,,,,,,,,1,,,1,1,1,,,,,,
우리,SKT 우리카드,30,,1,,,,,,1,,1,,1,,,,1,1,,,,,,,,,,
우리,카드의정석 NEW우리V카드,30,0.2,0.5,,,1,1,1,1,,1,,,,,,,,,,1,,,,,,1,1
우리,카드의정석 UNTACT AIR,50,1.5,1.5,,,,,,,1,,,1,,,,,1,1,,,,1,1,,1,,
우리,카드의정석 UniMile,30,2,2,1,,1,,1,,,1,,,,,1,,,,1,1,1,1,,,,,
우리,카드의정석 MILEAGE SKYPASS,50,3.9,3.9,,,,,,,,,,,,,,,,,1,,,,,,,,
우리,카드의정석 PREMIUM POINT,,11,11,,,1,,,,,,,,,,,,,,1,1,,,,,,,
우리,Diners Club MILEAGE,,,33,,,,,,,,,,,,,,,,,1,1,,1,,,,,
우리,그랑블루 1st,,10,10,,,1,,1,,,,,1,1,,,,,,,1,1,1,,,,,
우리,NU I&U,30,1.2,1.2,,1,1,,,,,1,,,,,,,,,,,,,,,,,
우리,카드의정석 APT Platinum,40,2.9,2.9,,,,,,,,,,1,,,,,,,,1,,,1,,1,,
우리,카드의정석 댕댕냥이(강아지),30,1,1.2,,,1,1,1,,,1,,,,1,,,,1,1,,,1,,,,,
우리,NU Uniq point,30,2,2,,1,1,,1,,1,1,,1,,,,,,,,,,,1,,,,
우리,NU Uniq,40,2,2,1,1,1,1,1,,1,1,,,,,1,,,,,,,,1,,,,
우리,국민행복카드 S2,30,,,,,,,1,,,,,1,1,,,,,,,,1,1,1,,1,,
우리,카드의정석 PREMIUM MILEAGE(AsianaClub),50,13.5,13.5,,,1,,,,,,,,,,,,,,1,1,,,,,,,
우리,Diners Club POINT,,,30,,1,,,,,,,,,,,,1,,,1,1,,1,,,,,
우리,카드의정석 UNTACT PLATINUM,40,2.5,2.5,,,,,,,,,,,,,,,,1,1,,,1,1,,,,
우리,OK캐쉬백 위비할인카드,30,1,1.2,,1,1,1,1,1,,1,,1,1,,,1,1,,,,,,,,,,1
우리,카드의정석 APT,40,1.5,1.5,,,,,,,,,,1,,,,,,,,,,,1,,,,
우리,카드의정석 UNTACT,40,1.2,1.2,,,,,,,,,,1,,,,,1,,,,,1,1,,1,,
우리,카드의정석 HEROES,30,1,1.2,,1,1,1,1,,,1,,1,,,,,1,1,,,,1,,,,,
우리,카드의정석 댕댕냥이(고양이),30,1,1.2,,,1,1,,,,1,,,,1,,,,1,1,,,1,,,,,
우리,NU 후불하이패스,,0.2,,,,,,,,,,,,,,1,,,,,,,,,,,,
우리,NU Blanc,,5,5,1,,,,,,,,,,,,,,,,,1,,1,,,,,
우리,KT 카드의정석 SUPER DC Ⅱ,30,2,2,,,,,,,,,,1,,,,1,1,,,,,,,,,,
우리,갤러리아 우리카드,30,1,1.2,,,1,,1,,,1,,,,,,,1,,,1,,1,,,,,
우리,카드의정석 베트남여행,30,1,1.2,,,1,,1,,,1,,,,,,,,,1,,,1,,,,,
우리,카카오뱅크 우리카드,40,1.2,1.2,,,,,1,,,,,,,,,,,1,,,,,,,,,
우리,마이카 우리카드,30,,1.2,,,1,,,1,,1,,,,,1,,1,,,,,,,,,,
우리,카드의정석 MILEAGE Asiana Club,50,3.9,3.9,,,,,,,,,,,,,,,,,1,1,,,,,,,
우리,H.Point 우리카드,,1.5,1.5,,,,,1,,,,,,,,,,,,1,,,,,1,,,
우리,PAYCO 36 우리카드,40,1.5,1.5,,,,1,,,,1,,,,,,,,1,,,,,,,,,
우리,SK Oil 400 우리카드,30,,1,,,1,,,1,,1,,,,,,1,1,,,,,,,,,,
우리,LoL CHAMPIONS KOREA 우리카드,,,1,1,1,1,,,,,1,,,,,,,,,,,,,,,,,
우리,카드의정석 L.POINT,30,1,1.2,,,,,,,,,,,,,,1,,,,,,,,1,,,
우리,카드의정석 시니어플러스,30,1,1.2,,,,,,,,1,,,,,,,1,,1,,1,,,,,,1
우리,오케이몰 우리카드,30,1.5,1.5,,,,1,1,,,1,,,,,,,,,,,,,,,,,
우리,넥센타이어 우리카드,30,,1,,,,,,1,,1,,1,,,,1,1,,,,,,,,,,
우리,All For Me카드,30,,1,,,,,,1,,1,,,,,,1,1,,,,,,,,,,
우리,LG전자 베스트렌탈 우리카드,30,1.2,1.5,,,,,,,,,,1,,,,,,,,,,,,,,,
우리,NU AUTO 우리카드,50,2,2,,,1,,,,,,,,,,1,,,,,,,,,,,,
우리,CGV 우리카드,30,2,2,,,,,,,,,,,,,,,1,,,,,,,,,,
우리,NU Nature,30,1.2,1.2,,1,,,,,,1,,,,,1,,1,1,,,,,1,,,,
우리,다둥이 행복카드,,,,,1,1,,1,1,,,,1,,,1,,1,,,,,,,,,,
우리,카드의정석 US,30,1.5,1.5,,1,,,,,,,,1,,,1,,1,1,,,,,1,,,,
우리,위비 알뜰주유소 할인카드,30,1.2,1.2,,,1,,,1,,1,,,,,,,1,,,,,,,,,,
우리,카드의정석 UniMile in JEJU,30,1.5,1.5,,,1,,,,,,,,,,,,,,1,,1,,,,,,
우리,바디프랜드 카드,30,,1,,,,,,,,1,,1,,,,1,1,,,,,,,,,,
우리,만나 우리카드,,1.2,1.2,,1,1,,,,,1,,,,,,,,,,,,,,,,,
우리,WON DISCOUNT(원 디스카운트) AIR,50,1,1,,1,,,,,1,1,,1,,,1,,,,,,,1,1,,,,
우리,AK우리카드 VIP,30,2.5,2.5,1,,,,,,,1,,,,,,1,,,1,1,,,,1,,,
우리,Hole In:WON(홀인원) 카드,50,4.9,4.9,,,1,,,,,1,,,,1,,1,,,,1,,,,,,,
우리,WON POINT(원 포인트) AIR,30,1,1,,,,1,,,1,1,,1,,,1,,1,,,,,1,1,,,,
우리,아이파킹 크레딧 카,30,1.5,1.8,,,1,,,,,,,,,,1,,,,,,,,,,,,
우리,코오롱몰 우리카드,30,1.5,1.5,,,,1,1,,,,,,,,,,,,1,,,,,,,,
우리,롯데렌터카 신차장 EV+ 우리카드,50,2,2,,,1,,,,,,,,,,1,,,,,,,,,,,,
우리,한화생명 Family 카드 (문화형),30,0.5,1,,1,1,1,,,,1,,1,,,,1,1,,,,1,,,1,,,
우리,LG전자 라서즐거운 카드,30,,1,,,,,,1,,1,,1,,,,1,1,,,,,,,,,,
우리,동양생명 우리카드,30,1.2,1.5,,,,,,,,,,,1,,,,,,,,,,,,,,
우리,카드의정석 하이마트,30,1.3,1.8,,,,,1,1,,1,,,,,,,1,,,,,,,,,,
우리,AK우리카드 VIP,30,1.2,1.2,1,,,,,,,1,,,,,,1,,,1,1,,,,1,,,
우리,라이나생명 라서즐거운카드,,,1,,,,,,1,,1,,1,,,,1,1,,,,,,,,,,
우리,카드의정석 삼성디지털프라자,30,2,2,,,,,1,,,1,,,,,,,1,,,1,,,,,,,
우리,한화생명 Family카드 (골프형),30,0.5,1,,1,1,1,,,,1,,1,,,,1,1,,,,1,,,1,,,
우리,셀리턴 우리카드,,1.5,2,,,,,,,,,,1,,,,,,,,,,,,,,,
하나,Mile1 하나카드,,2,2,,,,,,,,,,,,,,,,,1,1,,,,,,,
하나,1Q Daily+,30,1,1,,,1,,1,,,1,,1,,,,,,,,,,1,,,,,
하나,원더카드 FREE,,1.2,1.2,1,1,,1,1,,,1,,,,,,,,1,,,,,,,,,1
하나,하나 CLUB H 아메리칸 익스프레스 리저브 카드,50,,15,,,,,,,,,,,,,,,,,1,1,,,,,,,
하나,트래블로그 신용카드,,2,2,1,,,,1,,,,,,,,,,,1,1,,1,1,,,,,
하나,하나 스카이패스 아멕스 플래티늄 카드,,,4.5,,,,,,,,,,,,,,,,,1,,,,,,,,
하나,하나멤버스 1Q카드 내맘대로,30,,1,,1,,,1,,,,,1,,,,,1,,,1,,,,,,,
하나,#tag1카드 Navy,40,,1.2,,,,1,,,,,,1,,,,1,1,,,,,,,,1,,
하나,CLUB SK(클럽 SK)카드,40,0.6,0.7,,1,1,1,,1,,1,,1,,,,,1,,,1,,,,1,1,,
하나,CLUB Signature SKYPASS 카드,,,14.5,,,,,,,,,,,,,,,,,1,1,,,,,,,
하나,알뜰교통 my pass 마패 신용카드(Hana-BC),50,,1.7,,1,,1,,,,1,,,,,,,,,,,,,,,,,
하나,Any PLUS 카드,,1.5,1.5,1,,,,1,,,,,,,,,,,,,,,1,,,,,
하나,토스 신용카드,,1,1,,,,,,,,,,,,,,,,,,1,,1,,,,,
하나,원더카드 LIVING,40,1.99,1.99,,1,1,,,,,1,,1,1,,,,,,,,,,,,,,1
하나,1Q Daily+[40주년 에디션],,1,1,,1,1,,1,,,1,,1,,,,,,,,,,1,,,,,
하나,Mile 1.6 대한항공,,,4.5,,,,,,,,1,,,,,,,1,,1,,,,,,,,
하나,CLUB1카드 200,,,200,,,,,1,,,,,,,,,1,,,1,,,,,,,1,1
하나,CLUB Primus Asiana Club 카드,,,10,,,1,,1,,,,,,,,,1,,,1,1,,1,,,,,
하나,1Q Global VIVA,30,1.3,1.5,,1,,,1,,,,,1,,,,,1,,,,1,1,,,,,
하나,내맘대로 쁨 카드,50,1.2,1.2,1,,1,1,1,,,,1,,1,,,1,,1,,,1,,,,1,,
하나,1Q My Lunch,30,1.5,1.7,,1,,,,1,,,,1,,,,1,1,,,,,,,,,,
하나,하나 원큐 카드,,1.5,1.5,,,,,,,,,,,,,,,,,,,,1,,,,,
하나,후불하이패스 카드,,0.5,,,,,,,,,,,,,,1,,,,,,,,,,,,
하나,CLUB Primus Skypass 카드,,,10,,,1,,1,,,,,,,,,1,,,1,1,,1,,,,,
하나,하나멤버스 1Q(원큐) 카드 Daily,30,0.8,1,1,,,,,,,1,,1,,,,,,,,,,,,1,,,
하나,신세계 the Mile 하나카드,,,3.5,,,,,1,,,,,,,,,,,,1,,,,,,,,
하나,#tag1카드 Orange,30,,1.2,,1,1,1,1,,,1,,1,,,,1,1,,,,,,,,,,
하나,1Q Special+,30,,1,,,1,,1,1,,1,,1,,,,,,,,,,1,,,,,
하나,원더카드 HAPP,40,1.2,1.2,1,,1,1,,,,1,1,,,1,,,,1,,,,,,,,,1
하나,모두의 건강,30,1.5,1.5,1,,,1,,1,,1,,,1,1,,1,,,,,,,,,,,
하나,원더카드 T,40,1.99,1.99,,1,1,1,1,,,,,1,,,,,,1,,,,,,,,,1
하나,CLUB Primus Point 카드,,,10,1,,1,,1,,,,,,,,,1,,,,1,,1,,,,,
하나,모두의 신세계 하나카드,40,1.2,1.2,,1,,,1,,,1,,,,,,1,,1,,,,,,,,,
하나,언택트 L 하나카드,30,1,1,,1,,,1,,1,,,,,,,,,1,,,,,,,,,
하나,하나멤버스 1Q(원큐) 카드 Shopping,30,0.8,1,,,,,1,,,1,,1,,,,,,,,,,,,1,,,
하나,CLUB Premier Travel 카드,,,20,,1,,,1,,,1,,,,,,,,,1,,,,,1,,,
하나,KT Super DC,30,1.2,1.5,,,,,,,,1,,1,,,,,1,,,,,,,,,,
하나,CLUB Premier Hotel 카드,,,20,,1,1,,,,,1,,,,,,,,,1,,1,,,,,,
하나,카카오뱅크 하나카드,,1.2,1.2,1,,,,,,,,,,,,,,,1,,,,,1,,,,
하나,#any 하나카드,50,1.2,1.2,,,,,,,,,,,,,,,,1,,,,,1,,,,
하나,원더카드 DAILY,40,1.99,1.99,,1,,1,1,1,1,,,,,,,,,,,,,,1,,,,
하나,#MY WAY 카드,20,2,2,,1,1,1,1,,,1,,1,,,,,,,,,,,1,,,,1
하나,삼프로TV 하나카드,30,1.5,1.5,,,,,,,,,,,,,,,,1,,,,,,,,,
하나,CLUB Signature Asiana Club 카드,,,14.5,,,,,,,,,,,,,,,,,1,1,,,,,,,
하나,모두의 쇼핑,30,1.5,1.5,,,,,1,,,,,,,,,,,,,,,,,,,,
하나,my pass 마패 카드,50,,1.7,,1,,1,,,,1,,,,,,,,,,,,,,,,,
하나,하나멤버스 1Q(원큐) 카드 Living,30,0.8,1,1,,,,,,,1,,1,,,,,,,,,,,,1,,,
하나,밀리언달러 하나카드,,1.5,1.5,1,,,,,,,,,,,,,,,,,,,1,,,,,
하나,Mile 1.6 아시아나,,,4.5,,,,,,,,1,,,,,,,1,,1,,,,,,,,
하나,카카오 T 하나카드,30,,1.5,,1,1,,,,,,,,,,,,1,,,,,,,,,,
하나,하나로마트 하나카드,30,,1.5,,,,1,,,,1,,1,,,,,,,,,,,,,1,,
하나,펫 사랑 카드,30,1.5,1.5,,1,,,1,,,1,,1,,1,,,,,,,,,,,,,
하나,닥터구디 T&R(티앤알) 카드,40,2.5,2.5,,,,,,,,,,1,1,,,,,,,,,,,,,,
하나,바디프랜드 하나카드,30,,1.2,,,,1,,,,1,,1,,,,,,,,,,,,,,,
하나,New 제주항공 하나카드,30,1.7,1.7,,,,,1,,,,,,,,,1,,,1,,,,1,,,,
하나,랭킹닭컴 하나카드,30,,1.5,,,,,,1,1,1,,1,,,,,1,,,,,1,,,,,
하나,통커 카드,50,,1.7,,,,,1,,,1,,1,,,,,,,,,,,,,,,
하나,1Q Shopping+,30,1,1,,1,1,,1,,,1,,1,,,,,,,,,,1,,,,,
하나,K리그 축덕 하나멤버스 1Q Play1 카드,30,1,1.2,,1,,1,1,,,1,1,1,,,,,1,,,,,1,,,,,
하나,에너지 더블 카드,40,2,2,,1,1,1,,,,1,,1,,,,,,,,,,,,,,,1
하나,이디야 하나카드,30,,1.5,,1,,,,,,1,,,,,,,,,,,,,1,,,,
하나,프레딧 하나카드,30,1.2,1.2,1,,,,1,,,1,,1,,,,,,1,,,,,,,,,
하나,New Happy 하나카드,,1,1,,,,,,,,,,,,,,,,,,,,,,1,,,
하나,원스토어 1 하나카드,30,1.2,1.5,,,,,,,1,,,,,,,,1,,,,,,,,,,
하나,풀무원 하나카드,50,2,2.3,,,,,1,1,,,,1,,,,,,,,,,,,,,,
농협,올바른 FLEX 카드,30,1,1.2,,1,,1,1,,1,1,,1,,,,,1,1,1,,,,1,,,,
농협,올바른 NEW HAVE카드,,1.2,1.2,1,1,,1,1,,1,1,,1,,,,,,,1,,,1,1,,,1,
농협,NH올원 Shopping&11번가카드(R2타입),30,0.8,1,,,1,1,1,,,1,,,1,,,1,,,,,,1,,,,,
농협,zgm.play카드,,1.2,1.2,,1,,1,1,1,,1,1,1,,,,1,1,,,,,,,,,,
농협,zgm.고향으로카드,,1.2,1.2,1,,,,,,,,,,,,,,,,,,,,,1,,,
농협,NH올원 파이카드,30,1,1.2,,1,1,1,,,1,1,,1,1,,,,,,,,,1,,,,,
농협,zgm.the pay카드,,1.2,1.2,1,,,,,,,,,,,,,,,1,,,,,,,,,
농협,별다줄카드,30,1.2,1.4,1,1,,1,1,,1,1,,1,,,,1,,,1,,,,1,,,,
농협,zgm.휴가중카드,,2.5,2.5,1,,,,1,,,,,,,,,,,,1,1,1,1,,,,,
농협,올바른 MYPICK 카드,40,1.3,1.3,,1,,1,1,1,,1,1,,1,,,,,,1,,1,1,,,,1,
농협,올바른 POINT UP 카드,40,,1.2,1,1,,1,1,,,1,,,,,,,1,,1,,,,,,,1,
농협,NH20 해봄카드,30,,0.8,,1,1,1,1,,1,1,,1,,,,1,1,,1,,,1,,,,,
농협,알뜰교통카드(신용),40,1.3,1.5,,1,,1,,,1,1,1,1,,,,,,,,,,,,,,,
농협,zgm.일본여행중 카드,,2.3,2.5,,,,1,1,,,,,,,,,,,,1,1,1,1,,,,,
농협,올바른 NEW HAVE+카드,,2.3,2.5,1,1,,1,1,,1,1,,1,,,,,,,,1,,1,1,,,1,
농협,올바른 OIL&PASS,40,1.3,1.5,,1,1,1,1,,1,1,1,1,,,1,,,,,,,,,,,,
농협,위카드,,,20,1,,,,,,,,,,,,,,,,1,1,,,,,,,1
농협,New후불하이패스카드,,0.2,,,,,,,,,,,,,,1,,,,,,,,,,,,
농협,NH올원 All100(올백)카드,30,0.8,0.8,,1,,1,1,,,,,1,1,,,,1,,,,,,,1,,1,1
농협,zgm.rounding카드,30,2.3,2.5,,,,,,,,1,,,,,,1,,,1,1,,,,,,,
농협,NH올원 LGU+카드,30,,1.5,,,,,,,,1,,1,,,,1,1,,,,,,,,,,1
농협,SolSol++(쏠쏠투플러스)카드,30,,5,,1,1,1,1,1,,1,1,1,,1,,,1,,,1,1,,,,,,
농협,나무 NH농협카드,40,1.5,1.5,,1,,1,1,,1,1,,1,,,,,,,1,,,1,1,,,,1
농협,ME+(미플러스)카드,30,2.3,2.5,,1,,,1,1,,1,,,,,,1,,,,,,,,,,,
농협,에코마일리지카드(비씨),30,0.6,0.8,,1,,1,1,1,,,,1,1,,,1,,,,,,,,,1,,
농협,[NH농협] 그린카드v2,20,1,1.2,1,1,,,1,,,1,,1,,,,,1,,,,,,,,,,
농협,국민행복카드(비씨),30,,,,1,,,1,,,1,,1,1,,,1,,,,1,,,,1,1,,
농협,LCC UniMile카드,30,,2.5,1,1,,,,,,,,1,,,,,,,1,1,,,,,,,
농협,SOHO 다사로이카드,,1.2,1.2,1,,,,,,,,,1,,,,,,,,,,,,,,,1
농협,GS리테일 NH농협카드,,1.2,1.2,1,,,,,,,,,,,,,,,,1,,,,,1,,,
농협,올바른 BAZIC 카드,40,,1.4,1,,,,,,,,,,,,,,,,1,,,1,,,,,
농협,NH1961카드,,1.2,1.4,1,,,,1,,1,,,,,,,,,,1,,,,1,,,,
농협,올바른OIL카,30,,1.5,,1,1,1,,,,1,,,,,1,,,,,,,,,,,,
농협,올바른TRAVEL카드(일본특화),30,,2,,1,,1,1,,,1,,,,,,,1,,,1,1,1,,,,,
농협,어디로든 그린카드,30,1.5,1.7,1,1,1,,,,,1,,,,,,,,,,,,,,,,,
농협,위 레아카드(포인트),50,29.5,30,1,,,,,,,,,,,,,,,,1,1,,1,,,,,
농협,위 테라카드(스카이패스),50,,53,,,,,,,,1,,,,,,,,,1,1,,,,,,,
농협,NH올원 Rental&코웨이카드,,1,1.2,,,,,,,,,,1,,,,1,,,,,,,,,,,
농협,SOHO 다사로이+카드,,2.3,2.5,1,,,,,,,1,,1,,,,,,,,1,,,1,,,,1
농협,위 레아카드(아시아나클럽),50,,33,,,,,,,,,,,,,,,,,1,1,,,,,,,
농협,후불하이패스카드(비씨),,,0.2,,,,,,,,,,,,,1,,,,,,,,,,,,
농협,ON PLATINUM카드(포인트),,11.8,12,1,,,,1,,,,,,,,,,,,1,1,,,,,,,
농협,SOHO 다사로이OIL카드,50,1.5,1.7,,,1,,,,,,,,,,1,,,,,,,,,,,,1
농협,쇼핑조아카드,40,,2.3,1,,,,1,,,,,,,,,,,1,,,,,,,,,
농협,올바른 BAZIC+ 카드,40,,2.3,1,,1,1,1,,,,,,1,,,,,,,,,1,,,,,
농협,올바른 Edu 카드,40,,2.5,,1,,1,1,,,1,1,1,,,,,1,,,,,,,,1,1,
농협,올바른SAFE Platinum카드,,10,10,1,,,,,,,,,,,,,,,,,1,,,,,,,
농협,위 레아카드(스카이패스),50,,33,,,,,,,,,,,,,,,,,1,1,,,,,,,
농협,NH올원 Rental&넥센타이어카드,30,1,1.2,,,,,,,,,,1,,,,1,,,,,,,,,,,
농협,올바른 POINT UP+ 카드,40,,2.3,1,1,,1,1,,,1,,1,,,,,1,,,,,,,,,1,
농협,NH농협 콕카드,40,,1,,,,1,1,,,,,1,,,,,,,,,,,,,,,
농협,ON PLATINUM카드(스카이패스),,12.8,13,,,,,,,,,,,,,,,,,1,1,,,,,,,
농협,위 테라카드(포인트),50,49.5,50,1,,,,,,,1,,,,,,,,,1,1,,1,,,,,
농협,zgm.play++카드,,6.3,6.5,,1,,1,1,1,,1,1,1,,,,1,1,,,1,,,,,,,
농협,NH농협 올바른LIFE카드(적립형),,,1,1,1,1,1,,,,1,,,,,,,1,,,,,1,,1,,,
농협,SolSol(쏠쏠)카드,30,,1,,1,1,1,1,1,,1,1,1,,1,,,1,,,,,,,,,,
농협,올바른지구 카드,40,1.3,1.5,,1,1,,1,,1,,1,1,,,,1,,,,,,,,,,,
농협,할인조아카드,40,1.3,1.5,,1,1,1,1,,,1,,,,,,1,1,,,,,,,,,,
농협,NH농협 부자되세요 아파트카드(비씨),40,,1,,,,,1,,,1,,1,,,,,,,,,,,,,1,,
농협,NH농협 올바른LIFE카드(할인형),30,,1,,,,1,1,,,1,,1,1,,,1,1,,,,,,,,,,
농협,NH올원 Rental&바디프랜드카드,30,1.2,1.4,,,,,,,,,,1,,,,1,,,,,,,,,,,
농협,T라이트카드,40,,1,,,,,,,,1,,1,,,,1,1,,,,,,,,,,
농협,zgm.streaming카드,40,1.2,1.2,,,,,,,,,,,,,,,,1,,,,,1,,,,
농협,올바른 GIVE 카드,,2.3,2.5,1,,,,1,,,1,,1,1,,,1,1,,,1,,1,,,,,
농협,NH농협 올바른 하나로(Hanaro) 카드,40,1.3,1.5,1,1,,1,,,,1,,,1,,,1,1,,1,,,,,,,,1
농협,NH올원 NH투자증권카드,,0.8,1,,,,,,,,,,,,,,,,,,,,,,,,,1
농협,위 테라카드(아시아나클럽),50,,53,,,,,,,,1,,,,,,,,,1,1,,,,,,,
농협,NH올원+(플러스)카드,,2.3,2.5,1,,,,,,,,,,,,,,,,,,,1,,,,,1
농협,ON PLATINUM카드(아시아나클럽),,12.8,13,,,,,,,,,,,,,,,,,1,1,,,,,,,
농협,올바른HOMETOWN카드,40,1.2,1.2,,1,,1,1,1,,,,,1,,,,,,,,,,,,,,
농협,올바른TRAVEL카드(중국특화),30,,2,,1,,1,1,,,1,,,,,,,1,,,1,1,1,,,,,
농협,KT수퍼할부카드(비씨),30,,1.5,,,,,,,,1,,1,,,,1,1,,,,,,,,,,
농협,NH올원 LG전자BEST카드,30,,1.5,,,,,,,,1,,1,,,,1,1,,,,,,,,,,
농협,Shopping Save카드,10,0.6,0.8,,1,,1,1,,,1,,1,,,,,,,,,,1,,,,1,
농협,#ing+(샵핑플러스)카드,30,2.3,2.5,,,,1,1,,,1,,,,,,1,,,,,,,,,,,
농협,NC다이노스카드,30,0.8,1,,,,,1,,,1,,1,,,,1,1,,,,,,,,,,
농협,펫블리(PETvely) 카드,30,2.3,2.5,,,,,1,,,1,,,,1,,,,,,1,,,,,,,
농협,#ing(샵핑)카드,30,0.8,1,,,,1,1,,,,,,,,,1,,,,,,,,,,,
농협,NH올원 Direct&DB손해보험카드,,1,1.2,,,1,,,1,,1,,,,,1,,,,,,,,,,,,
농협,적립조아카드,,1,1.2,,,,,,,,,,,,,,,,,,,,1,,,,,
농협,NH올원 Shopping&AMOREPACIFIC카드,30,1,1.2,,,,,,,,1,1,,,,,1,1,,,,,,,,,,
농협,엘포인트카드(비씨),50,,1.5,,,1,1,1,1,,1,,,,,,1,1,,,,,,,1,,,
농협,올바른SAFE카드,,1.2,1.2,1,,,,1,,,,,,,,,,,,,,,,,,,1,
농협,부자되세요 HomeShopping카드(비씨),20,,1,,,,,1,1,,1,,,,,,,1,,,,,,,,,,
IBK,마일앤조이카드(대한항공),,,3,,1,,,,,,,,,,,,,,,1,1,1,,,,,,
IBK,BLISS.7 카드(마일리지),,,20,,,,,,,,,,,,,,,,,1,1,,,,,,,
IBK,IBK 무직타이거 카드(신용),50,1,1.2,,1,1,1,1,,,1,,,,,,1,1,,,,,,,,,1,
IBK,Oil & Life카드(Oil카드),30,,0.5,,,1,,,,,,,1,,,,1,1,,,1,,,,1,,1,
IBK,Daily With(데일리위드)카드,50,1.2,1.2,,1,,1,1,1,,,,1,1,,,,,,,,,,,,,,
IBK,I-어디로든 그린카드,30,1.5,,1,1,1,,,,,1,,,,,,,,,,,,,,1,,,
IBK,IBK-Hybrid(하이브리드)카드,,,1,1,,,,,,,,,,,,,,,,,,,,,,,,1
IBK,BLISS.5 카드(마일리지),30,,9.5,,1,,,,,,1,,,,,,,1,,1,1,,,,,,,
IBK,I-알뜰교통플러스 카드(신용),20,0.2,0.4,,1,1,,1,1,,,,1,1,,,1,1,,,,,1,,,,,1
IBK,마일앤조이카드(아시아나),,,0.3,,1,,,,,,,,,,,,,1,,1,1,,,,,,,
IBK,BLISS.7 카드(포인트),,,19,,,,,,,,,,,,,,,,,,1,,,,,,,
IBK,일상의 기쁨카드(신용),50,,1,,1,1,1,1,,,1,,,,,,1,1,,,,,,,,,1,
IBK,IBK무민카드(신용),50,1,1,,1,1,1,1,,,1,,,,,,1,1,,,,,,,,,1,
IBK,CEO카드,70,,22,,,,1,1,,,1,,,,,,1,,,1,1,1,,,,,,
IBK,IBK KaPick,,1.4,1.5,1,1,1,1,1,,1,1,,1,,1,,,,,,,,,1,,,,
IBK,IBK DC히어로즈 카드(신용),50,1,1.2,,1,,1,1,1,,,,1,1,,,,,,,,,,,,,,
IBK,[IBK] 그린카드v2,20,,1,1,1,,,1,,,1,,1,,,,,1,,,,,,,1,,,
IBK,BLISS.5 카드(포인트),30,,9.5,,1,,,,,,1,,,,,,,1,,,1,,,,,,,
IBK,K-22(Mileage),50,21.9,22,,,,,,,,,,,,,,,,,1,1,,,,,,,
IBK,국민행복카드(신용),30,,,,,,,,,,,,,1,,,,,,,,,,,,1,,
IBK,쇼핑앤조이 카드,30,,1,,1,,,1,,,1,,1,,,,,,,,,,,,,,1,
IBK,I-PET,,1.8,1.9,,,,1,1,,,1,,,,1,,,,,,,,,,,,,
IBK,EV카드,30,0.9,1,,1,1,,,,,,,,,,,,,,,,,,,,,,
IBK,I-ALL,,1.4,1.5,1,1,1,1,1,,1,1,,1,,1,,,,,,,,,1,,,,
IBK,IBK hi 카드,20,0.2,0.4,,1,1,,,1,,,,1,,,,1,1,,,,,,,,,1,
IBK,Oil & Life카드(Life카드),40,,0.5,,,1,,,1,,,,1,,,,1,1,,,1,,,,1,,1,
IBK,일년의 설렘카드,50,,0.1,,,,,,,,,,,,,,1,,,,,,,,,,1,1
IBK,K-22(Point),50,21.9,22,,,,,,,,,,,,,,,,,,1,,,,1,,,
IBK,자연드림 IBK카드,,,0.2,,,1,,1,1,,1,,,,,,1,1,,,,,,,1,,1,
IBK,용인시민카드(신용),30,0.5,0.7,,1,1,,1,1,,1,,,,,,1,1,,,,,,,,,,
IBK,일년의 설렘카드(모바일전용),,0.5,0.5,,,,,,,,,,,,,,1,,,,,,,,,,1,1
IBK,제주항공 Refresh Point 카드,,,2,,,,,,,,,,,,,,,,,1,,1,,,,,,
IBK,참! 좋은 다이소카드(신용),30,,1,,,1,1,1,,,1,1,,,,,1,1,,,,,,,,,,
IBK,IBK-Syrup카드[신용],30,0.5,0.7,,,,,,,,,,,,,,,,,,1,,,,1,,,
IBK,참! 좋은 kt wiz 카드(신용),,,0.2,1,,1,1,1,1,,1,,,,,,1,1,,,,,,,,,,
IBK,olleh Super DC IBK카드,30,,1,,,1,,,1,,,,1,,,,1,1,,,,,,,,,,
IBK,skylife Ultra IBK카드,30,1,1,,,,,1,,,,,,,,,1,,,,,,,,,,,
IBK,아모레퍼시픽 IBK카드,50,,1,,1,1,1,1,,,1,1,,,,,1,1,,,,,,,,,,
IBK,IBK 나라사랑카드,8,,,,1,,1,,1,,,1,1,,,,1,1,,,,,,,1,,1,
,,,,,142,197,186,226,281,109,87,281,67,212,66,18,72,143,184,90,121,166,55,106,107,62,60,38,74
